2020/07/09 13:15:53, 0.4956659098925644, 0.00991331819785135
2020/07/09 13:15:54, 0.6736747538534666, 0.023386813274920648
2020/07/09 13:15:55, 1.226123902235749, 0.04790929131963573
2020/07/09 13:15:56, 1.6101814673575034, 0.08011292066678588
2020/07/09 13:15:57, 2.5234813182699223, 0.1305825470321842
2020/07/09 13:15:58, 3.0029848027819845, 0.19064224308782385
2020/07/09 13:15:59, 3.770882965308501, 0.2660599023939938
2020/07/09 13:16:00, 2.9951632266351202, 0.32596316692669647
2020/07/09 13:16:01, 3.840953205403161, 0.40278223103475974
2020/07/09 13:16:02, 3.5522338040619177, 0.47382690711599795
2020/07/09 13:16:03, 4.3872215242832695, 0.5615713376016636
2020/07/09 13:16:04, 5.14826558634177, 0.6645366493284992
2020/07/09 13:16:05, 4.368559866273059, 0.7519078466539602
2020/07/09 13:16:06, 3.8596134319618134, 0.8291001152931965
2020/07/09 13:16:07, 4.74915993688724, 0.924083314030941
2020/07/09 13:16:08, 3.904281643870164, 1.0021689469083446
2020/07/09 13:16:09, 4.1038686536037945, 1.0842463199804209
2020/07/09 13:16:10, 3.834839873639032, 1.1609431174532017
2020/07/09 13:16:11, 3.7410469224027345, 1.2357640559012564
2020/07/09 13:16:12, 3.791913649809956, 1.3116023288974554
2020/07/09 13:16:13, 3.5277458901437466, 1.3821572467003305
2020/07/09 13:16:14, 4.492914050766424, 1.4720155277156592
2020/07/09 13:16:15, 4.698929665226903, 1.565994121020197
2020/07/09 13:16:16, 5.335357161709875, 1.672701264254395
2020/07/09 13:16:17, 5.2149325502609445, 1.7769999152596136
2020/07/09 13:16:18, 5.844343628572965, 1.8938867878310732
2020/07/09 13:16:19, 6.318589069662066, 2.020258569224315
2020/07/09 13:16:20, 6.0668649777856425, 2.141595868780028
2020/07/09 13:16:21, 6.737715202269857, 2.276350172825425
2020/07/09 13:16:22, 6.8476952472979224, 2.4133040777713832
2020/07/09 13:16:23, 6.708448853762899, 2.547473054846641
2020/07/09 13:16:24, 5.910614973084812, 2.665685354308337
2020/07/09 13:16:25, 4.9576621006995, 2.7648385963223276
2020/07/09 13:16:26, 4.773294488348083, 2.860304486089289
2020/07/09 13:16:27, 5.190077562474644, 2.964106037338782
2020/07/09 13:16:28, 5.0061088249538805, 3.0642282138378594
2020/07/09 13:16:29, 5.051365951369862, 3.165255532865257
2020/07/09 13:16:30, 5.230260755678333, 3.2698607479788233
2020/07/09 13:16:31, 5.884165913821864, 3.387544066255261
2020/07/09 13:16:32, 5.786973055353057, 3.5032835273623224
2020/07/09 13:16:33, 6.232066076360803, 3.6279248488895384
2020/07/09 13:16:34, 5.782189159319168, 3.743568632075922
2020/07/09 13:16:35, 5.8560318943392335, 3.860689269962707
2020/07/09 13:16:36, 6.452667973934522, 3.9897426294413973
2020/07/09 13:16:37, 6.572363432422366, 4.1211898980898445
2020/07/09 13:16:38, 6.406034970598356, 4.249310597501812
2020/07/09 13:16:39, 7.387372173536596, 4.397058040972544
2020/07/09 13:16:40, 8.319337927955395, 4.563444799531652
2020/07/09 13:16:41, 7.614720552670927, 4.71573921058507
2020/07/09 13:16:42, 7.307973503041481, 4.861898680645901
2020/07/09 13:16:43, 7.432282796494249, 5.010544336575785
2020/07/09 13:16:44, 7.064460523867918, 5.151833547053144
2020/07/09 13:16:45, 6.919274852673702, 5.290219044106618
2020/07/09 13:16:46, 7.023509335720224, 5.430689230821023
2020/07/09 13:16:47, 7.260679847411552, 5.575902827769254
2020/07/09 13:16:48, 6.806393658357346, 5.712030700936401
2020/07/09 13:16:49, 6.9354948208161975, 5.850740597352725
2020/07/09 13:16:50, 6.074301284493186, 5.972226623042588
2020/07/09 13:16:51, 6.989403550596962, 6.112014694054528
2020/07/09 13:16:52, 6.044565717096972, 6.232906008396467
2020/07/09 13:16:53, 6.643693240949882, 6.365779873215465
2020/07/09 13:16:54, 6.200655123030991, 6.489792975676085
2020/07/09 13:16:55, 6.942760703869335, 6.628648189753472
2020/07/09 13:16:56, 7.860718930299706, 6.785862568359466
2020/07/09 13:16:57, 7.9119972304967785, 6.944102512969401
2020/07/09 13:16:58, 7.827098562513781, 7.100644484219677
2020/07/09 13:16:59, 7.674646426159308, 7.254137412742863
2020/07/09 13:17:00, 7.699694775948485, 7.408131308261833
2020/07/09 13:17:01, 8.445891522606155, 7.5770491387139565
2020/07/09 13:17:02, 8.372926853681967, 7.744507675787595
2020/07/09 13:17:03, 8.25174225700207, 7.909542520927637
2020/07/09 13:17:04, 8.158715582428485, 8.072716832576207
2020/07/09 13:17:05, 7.292371561782018, 8.218564263811848
2020/07/09 13:17:06, 6.983336963819475, 8.358231003088237
2020/07/09 13:17:07, 6.743485252013876, 8.493100708128516
2020/07/09 13:17:08, 7.2557861294800094, 8.638216430718117
2020/07/09 13:17:09, 7.962339250756322, 8.797463215733243
2020/07/09 13:17:10, 7.218024490698644, 8.941823705547217
2020/07/09 13:17:11, 7.146911431835223, 9.08476193418392
2020/07/09 13:17:12, 6.72443081372624, 9.219250550458444
2020/07/09 13:17:13, 7.170328290450148, 9.362657116267446
2020/07/09 13:17:14, 7.531165980574551, 9.513280435878936
2020/07/09 13:17:15, 8.22859312395868, 9.67785229835811
2020/07/09 13:17:16, 8.89360452213754, 9.85572438880086
2020/07/09 13:17:17, 8.91832195076739, 10.034090827816208
2020/07/09 13:17:18, 8.461368971808144, 10.203318207252371
2020/07/09 13:17:19, 8.832186483181395, 10.379961936915999
2020/07/09 13:17:20, 8.474836655092442, 10.549458670017847
2020/07/09 13:17:21, 9.415367737243853, 10.737766024762724
2020/07/09 13:17:22, 9.472410002283906, 10.927214224808402
2020/07/09 13:17:23, 9.36162003028917, 11.114446625414185
2020/07/09 13:17:24, 8.938834288793027, 11.293223311190046
2020/07/09 13:17:25, 9.186865369064492, 11.476960618571335
2020/07/09 13:17:26, 9.612654354796693, 11.669213705667268
2020/07/09 13:17:27, 9.202456704763499, 11.853262839762538
2020/07/09 13:17:28, 8.29241817888942, 12.019111203340326
2020/07/09 13:17:29, 8.59387075231325, 12.19098861838659
2020/07/09 13:17:30, 8.286571207588455, 12.35672004253836
2020/07/09 13:17:31, 8.624673260964634, 12.529213507757653
2020/07/09 13:17:32, 9.522724433718194, 12.719667996432017
2020/07/09 13:17:33, 8.655878300556942, 12.892785562443157
2020/07/09 13:17:34, 7.801242113523573, 13.048810404713628
2020/07/09 13:17:35, 8.125414218658687, 13.211318689086802
2020/07/09 13:17:36, 7.8730182831741535, 13.368779054750284
2020/07/09 13:17:37, 6.971432096791856, 13.50820769668612
2020/07/09 13:17:38, 6.923637247285235, 13.646680441631826
2020/07/09 13:17:39, 6.32188046015315, 13.773118050834888
2020/07/09 13:17:40, 7.060977859384642, 13.914337608022581
2020/07/09 13:17:41, 6.063410239646242, 14.035605812815506
2020/07/09 13:17:42, 6.0405986921141865, 14.15641778665779
2020/07/09 13:17:43, 6.439658392556348, 14.285210954508917
2020/07/09 13:17:44, 5.83209940537979, 14.401852942616514
2020/07/09 13:17:45, 5.249474188958964, 14.506842426395693
2020/07/09 13:17:46, 4.529920380221652, 14.597440834000125
2020/07/09 13:17:47, 4.562191103950332, 14.688684656079133
2020/07/09 13:17:48, 4.074151391190387, 14.77016768390294
2020/07/09 13:17:49, 4.257403203203569, 14.855315747967012
2020/07/09 13:17:50, 4.85383915959706, 14.952392531158953
2020/07/09 13:17:51, 5.20581568690001, 15.056508844896953
2020/07/09 13:17:52, 4.884944647356608, 15.154207737844086
2020/07/09 13:17:53, 4.4514754795863904, 15.243237247435815
2020/07/09 13:17:54, 5.376516371213128, 15.350767574860077
2020/07/09 13:17:55, 5.445996980736615, 15.459687514474808
2020/07/09 13:17:56, 6.241026621429289, 15.584508046903395
2020/07/09 13:17:57, 5.264991359219468, 15.689807874087784
2020/07/09 13:17:58, 5.624577979210055, 15.802299433671985
2020/07/09 13:17:59, 5.815056696117071, 15.918600567594327
2020/07/09 13:18:00, 5.258324201788828, 16.023767051630102
2020/07/09 13:18:01, 5.857014636669037, 16.140907344363484
2020/07/09 13:18:02, 5.950060920093686, 16.259908562765357
2020/07/09 13:18:03, 6.6829907591516715, 16.39356837794839
2020/07/09 13:18:04, 5.8766439761378315, 16.511101257471147
2020/07/09 13:18:05, 5.8371093759377715, 16.627843444989903
2020/07/09 13:18:06, 5.1930969898766, 16.731705384787436
2020/07/09 13:18:07, 5.9752351265021995, 16.85121008731748
2020/07/09 13:18:08, 6.782743474816408, 16.986864956813807
2020/07/09 13:18:09, 7.277447757507896, 17.132413911963965
2020/07/09 13:18:10, 8.118581514653034, 17.294785542257024
2020/07/09 13:18:11, 8.108782318330483, 17.456961188623634
2020/07/09 13:18:12, 8.846748418209101, 17.633896156987817
2020/07/09 13:18:13, 8.582726845358414, 17.805550693894986
2020/07/09 13:18:14, 8.02461164554649, 17.966042926805915
2020/07/09 13:18:15, 8.840610597283256, 18.142855138751578
2020/07/09 13:18:16, 8.738359247482272, 18.317622323701222
2020/07/09 13:18:17, 8.203991286743523, 18.481702149436092
2020/07/09 13:18:18, 8.264887087259533, 18.64699989118128
2020/07/09 13:18:19, 8.034328072758589, 18.807686452636453
2020/07/09 13:18:20, 8.915078418303908, 18.985988021002534
2020/07/09 13:18:21, 9.690107758877167, 19.179790176180077
2020/07/09 13:18:22, 10.642998474927769, 19.392650145678633
2020/07/09 13:18:23, 9.655131132682754, 19.585752768332288
2020/07/09 13:18:24, 9.921997537767025, 19.784192719087628
2020/07/09 13:18:25, 10.356987704028482, 19.9913324731682
2020/07/09 13:18:26, 9.40562105905526, 20.179444894349302
2020/07/09 13:18:27, 9.009467839267407, 20.35963425113465
2020/07/09 13:18:28, 8.685454833130894, 20.53334334779727
2020/07/09 13:18:29, 8.245574955002695, 20.698254846897324
2020/07/09 13:18:30, 8.59551731292033, 20.87016519315573
2020/07/09 13:18:31, 8.078372853088565, 21.031732650217503
2020/07/09 13:18:32, 7.420881335440193, 21.180150276926305
2020/07/09 13:18:33, 7.2005629105044955, 21.324161535136394
2020/07/09 13:18:34, 7.60568312416766, 21.47627519761975
2020/07/09 13:18:35, 7.1522455052960785, 21.61932010772567
2020/07/09 13:18:36, 7.951764035049118, 21.778355388426654
2020/07/09 13:18:37, 7.543467197643741, 21.92922473237953
2020/07/09 13:18:38, 7.964992810235543, 22.088524588584242
2020/07/09 13:18:39, 7.514724271955811, 22.238819074023358
2020/07/09 13:18:40, 8.48311669314866, 22.40848140788633
2020/07/09 13:18:41, 7.727801416701894, 22.56303743622037
2020/07/09 13:18:42, 8.17992484319414, 22.726635933084253
2020/07/09 13:18:43, 7.549201943495349, 22.87761997195416
2020/07/09 13:18:44, 7.630897979796745, 23.030237931550097
2020/07/09 13:18:45, 6.807654298101194, 23.166391017512122
2020/07/09 13:18:46, 6.477484055232922, 23.295940698616782
2020/07/09 13:18:47, 7.297046385213732, 23.441881626321056
2020/07/09 13:18:48, 7.307002882398929, 23.588021683969036
2020/07/09 13:18:49, 6.875592703575001, 23.725533538040537
2020/07/09 13:18:50, 7.388156997756623, 23.87329667799567
2020/07/09 13:18:51, 7.136715034532967, 24.016030978686327
2020/07/09 13:18:52, 7.407512721879949, 24.164181233123927
2020/07/09 13:18:53, 7.609164134983669, 24.3163645158236
2020/07/09 13:18:54, 8.550141035270423, 24.48736733652901
2020/07/09 13:18:55, 9.055338952881604, 24.668474115586644
2020/07/09 13:18:56, 9.462656916506514, 24.857727253916774
2020/07/09 13:18:57, 9.595308250062562, 25.049633418918027
2020/07/09 13:18:58, 9.768345238830324, 25.245000323694633
2020/07/09 13:18:59, 9.053154061466, 25.42606340492395
2020/07/09 13:19:00, 9.0291671725833, 25.606646748375617
2020/07/09 13:19:01, 9.732989733060354, 25.801306543036823
2020/07/09 13:19:02, 10.448824176210222, 26.010283026561027
2020/07/09 13:19:03, 10.706612384275356, 26.22441527424653
2020/07/09 13:19:04, 9.972588402588233, 26.423867042298298
2020/07/09 13:19:05, 10.053757063700006, 26.624942183572298
2020/07/09 13:19:06, 10.973676190014922, 26.844415707372598
2020/07/09 13:19:07, 10.564629729527942, 27.055708301963158
2020/07/09 13:19:08, 11.329979439361585, 27.28230789075039
2020/07/09 13:19:09, 11.451949453914118, 27.51134687982867
2020/07/09 13:19:10, 10.96880695204818, 27.730723018869636
2020/07/09 13:19:11, 11.568178829505733, 27.962086595459752
2020/07/09 13:19:12, 11.225875560633499, 28.186604106672423
2020/07/09 13:19:13, 10.848466788837847, 28.40357344244918
2020/07/09 13:19:14, 11.112959032143408, 28.625832623092048
2020/07/09 13:19:15, 10.546510798537476, 28.8367628390628
2020/07/09 13:19:16, 9.687226819894473, 29.03050737546069
2020/07/09 13:19:17, 10.17463905932175, 29.234000156647127
2020/07/09 13:19:18, 9.559570851348669, 29.4251915736741
2020/07/09 13:19:19, 9.207533461067175, 29.609342242895444
2020/07/09 13:19:20, 8.938703862113393, 29.78811632013771
2020/07/09 13:19:21, 8.669228149310248, 29.961500883123918
2020/07/09 13:19:22, 8.595821211567332, 30.133417307355266
2020/07/09 13:19:23, 9.57367213492285, 30.324890750053726
2020/07/09 13:19:24, 9.095946803154613, 30.506809686116817
2020/07/09 13:19:25, 9.795579377174487, 30.70272127366031
2020/07/09 13:19:26, 10.452150774904599, 30.911764289158402
2020/07/09 13:19:27, 9.831868562301015, 31.10840166040442
2020/07/09 13:19:28, 9.701124925369522, 31.302424158911812
2020/07/09 13:19:29, 9.676815634659942, 31.49596047160501
2020/07/09 13:19:30, 9.972781214021774, 31.695416095885445
2020/07/09 13:19:31, 9.458844882636344, 31.88459299353817
2020/07/09 13:19:32, 8.60062625060041, 32.05660551855018
2020/07/09 13:19:33, 7.878658257237392, 32.214178683694925
2020/07/09 13:19:34, 8.615880179194964, 32.386496287278824
2020/07/09 13:19:35, 8.571624405034827, 32.55792877537952
2020/07/09 13:19:36, 9.422206876164232, 32.74637291290281
2020/07/09 13:19:37, 8.852730579024644, 32.9234275244833
2020/07/09 13:19:38, 8.25351247522543, 33.08849777398781
2020/07/09 13:19:39, 8.666620479106639, 33.26183018356994
2020/07/09 13:19:40, 9.291103641205922, 33.44765225639406
2020/07/09 13:19:41, 8.625112112225278, 33.62015449863856
2020/07/09 13:19:42, 8.269726781733038, 33.785549034273224
2020/07/09 13:19:43, 8.543405478199888, 33.95641714383722
2020/07/09 13:19:44, 8.1738152548999, 34.119893448935215
2020/07/09 13:19:45, 8.7259111327005, 34.29441167158922
2020/07/09 13:19:46, 9.401931886155506, 34.482450309312334
2020/07/09 13:19:47, 9.364334154865256, 34.66973699240964
2020/07/09 13:19:48, 9.545826924849642, 34.86065353090663
2020/07/09 13:19:49, 10.433736568775442, 35.06932826228214
2020/07/09 13:19:50, 11.106337658976075, 35.291455015461665
2020/07/09 13:19:51, 11.354032500361898, 35.5185356654689
2020/07/09 13:19:52, 10.970091894146593, 35.73793750335184
2020/07/09 13:19:53, 11.918273087375196, 35.97630296509934
2020/07/09 13:19:54, 12.011844869403117, 36.21653986248741
2020/07/09 13:19:55, 11.328836008440732, 36.443116582656224
2020/07/09 13:19:56, 11.014029647023374, 36.66339717559669
2020/07/09 13:19:57, 11.631281008641153, 36.89602279576952
2020/07/09 13:19:58, 11.391834097390898, 37.12385947771734
2020/07/09 13:19:59, 10.750474551454648, 37.33886896874643
2020/07/09 13:20:00, 11.268295930500187, 37.564234887356434
2020/07/09 13:20:01, 11.862608905620187, 37.80148706546884
2020/07/09 13:20:02, 12.088412560751541, 38.04325531668387
2020/07/09 13:20:03, 11.171359354304801, 38.266682503769964
2020/07/09 13:20:04, 10.319390433695297, 38.473070312443866
2020/07/09 13:20:05, 9.717202409716736, 38.667414360638205
2020/07/09 13:20:06, 9.4368785340401, 38.856151931319005
2020/07/09 13:20:07, 9.3001292196109, 39.042154515711225
2020/07/09 13:20:08, 8.344630040269248, 39.20904711651661
2020/07/09 13:20:09, 8.392545106184897, 39.376898018640304
2020/07/09 13:20:10, 8.381224415920473, 39.544522506958714
2020/07/09 13:20:11, 8.438973010524718, 39.71330196716921
2020/07/09 13:20:12, 7.443873003963616, 39.86217942724848
2020/07/09 13:20:13, 8.208993612588365, 40.02635929950024
2020/07/09 13:20:14, 8.634808230512132, 40.19905546411049
2020/07/09 13:20:15, 9.125589603390496, 40.3815672561783
2020/07/09 13:20:16, 8.65243888989625, 40.554616033976224
2020/07/09 13:20:17, 8.05072115523913, 40.715630457081005
2020/07/09 13:20:18, 7.168086048568984, 40.85899217805238
2020/07/09 13:20:19, 6.985427216574093, 40.998700722383866
2020/07/09 13:20:20, 6.421755684627139, 41.127135836076405
2020/07/09 13:20:21, 7.0257289613851235, 41.26765041530411
2020/07/09 13:20:22, 6.430874894725856, 41.39626791319863
2020/07/09 13:20:23, 7.3262024399843835, 41.54279196199832
2020/07/09 13:20:24, 7.273987766703194, 41.688271717332384
2020/07/09 13:20:25, 6.924750693567532, 41.82676673120373
2020/07/09 13:20:26, 6.695905431717499, 41.96068483983808
2020/07/09 13:20:27, 7.5237432451023265, 42.111159704740125
2020/07/09 13:20:28, 8.245796534943853, 42.276075635439
2020/07/09 13:20:29, 9.221443541603737, 42.46050450627108
2020/07/09 13:20:30, 9.651589066750855, 42.653536287606094
2020/07/09 13:20:31, 9.285672668707466, 42.83924974098024
2020/07/09 13:20:32, 9.915738366724966, 43.037564508314745
2020/07/09 13:20:33, 9.206060024798575, 43.22168570881072
2020/07/09 13:20:34, 8.782136884617204, 43.39732844650306
2020/07/09 13:20:35, 8.129514566393802, 43.559918737830934
2020/07/09 13:20:36, 8.034047441741787, 43.72059968666577
2020/07/09 13:20:37, 8.187278732406442, 43.8843452613139
2020/07/09 13:20:38, 8.470956684600386, 44.053764395005906
2020/07/09 13:20:39, 9.032430696495775, 44.234413008935825
2020/07/09 13:20:40, 8.768150194858624, 44.409776012833
2020/07/09 13:20:41, 8.3072093296318, 44.57592019942564
2020/07/09 13:20:42, 9.1112903174156, 44.75814600577395
2020/07/09 13:20:43, 9.21972774671344, 44.942540560708224
2020/07/09 13:20:44, 9.704272272856466, 45.13662600616536
2020/07/09 13:20:45, 10.122707883954664, 45.33908016384445
2020/07/09 13:20:46, 9.56513322644394, 45.53038282837333
2020/07/09 13:20:47, 9.659599935394496, 45.723574827081215
2020/07/09 13:20:48, 9.606409592572904, 45.915703018932675
2020/07/09 13:20:49, 8.724062074968115, 46.09018426043204
2020/07/09 13:20:50, 8.663419779476467, 46.26345265602157
2020/07/09 13:20:51, 8.954251509994375, 46.442537686221456
2020/07/09 13:20:52, 9.332646422054507, 46.62919061466255
2020/07/09 13:20:53, 8.821038524238542, 46.805611385147316
2020/07/09 13:20:54, 9.492796861179057, 46.9954673223709
2020/07/09 13:20:55, 9.19569394835949, 47.17938120133809
2020/07/09 13:20:56, 8.890912632976494, 47.35719945399762
2020/07/09 13:20:57, 8.941147570533657, 47.536022405408296
2020/07/09 13:20:58, 9.93788038018257, 47.73478001301195
2020/07/09 13:20:59, 10.730968113977651, 47.949399375291506
2020/07/09 13:21:00, 10.820220577339281, 48.165803786838296
2020/07/09 13:21:01, 11.492509533432191, 48.39565397750694
2020/07/09 13:21:02, 10.844286019625018, 48.612539697899436
2020/07/09 13:21:03, 10.932416559092715, 48.83118802908129
2020/07/09 13:21:04, 10.443355422314939, 49.04005513752759
2020/07/09 13:21:05, 10.996860432837167, 49.25999234618433
2020/07/09 13:21:06, 11.145908073576836, 49.48291050765587
2020/07/09 13:21:07, 10.69143142535547, 49.69673913616298
2020/07/09 13:21:08, 11.213122337538753, 49.92100158291376
2020/07/09 13:21:09, 12.09037982676058, 50.16280917944897
2020/07/09 13:21:10, 11.722456423656924, 50.39725830792211
2020/07/09 13:21:11, 12.269702986844488, 50.642652367659
2020/07/09 13:21:12, 11.953655115389662, 50.88172546996679
2020/07/09 13:21:13, 12.118620412223553, 51.12409787821126
2020/07/09 13:21:14, 12.67772032124817, 51.37765228463623
2020/07/09 13:21:15, 12.411559697082131, 51.62588347857787
2020/07/09 13:21:16, 11.919067137786394, 51.8642648213336
2020/07/09 13:21:17, 11.80826353122657, 52.10043009195813
2020/07/09 13:21:18, 11.069802764030626, 52.321826147238745
2020/07/09 13:21:19, 11.139794179248831, 52.544622030823724
2020/07/09 13:21:20, 11.197725315749548, 52.76857653713871
2020/07/09 13:21:21, 11.062964977700133, 52.98983583669272
2020/07/09 13:21:22, 10.130654296804513, 53.19244892262881
2020/07/09 13:21:23, 9.663572985330825, 53.38572038233543
2020/07/09 13:21:24, 9.748386052358232, 53.58068810338259
2020/07/09 13:21:25, 9.157635392161364, 53.76384081122582
2020/07/09 13:21:26, 8.707718616296946, 53.937995183551756
2020/07/09 13:21:27, 8.936713368373324, 54.11672945091922
2020/07/09 13:21:28, 9.317457317001777, 54.30307859725926
2020/07/09 13:21:29, 10.18723909822084, 54.506823379223675
2020/07/09 13:21:30, 10.802305427178627, 54.72286948776725
2020/07/09 13:21:31, 11.589784718777409, 54.9546651821428
2020/07/09 13:21:32, 11.631655449282606, 55.18729829112845
2020/07/09 13:21:33, 12.11865625889063, 55.42967141630626
2020/07/09 13:21:34, 12.524661424472084, 55.6801646447957
2020/07/09 13:21:35, 12.27960306068905, 55.92575670600948
2020/07/09 13:21:36, 13.171529208378306, 56.189187290177045
2020/07/09 13:21:37, 12.341762682464449, 56.43602254382633
2020/07/09 13:21:38, 12.5517081993146, 56.68705670781262
2020/07/09 13:21:39, 12.157749523249178, 56.9302116982776
2020/07/09 13:21:40, 11.296864721006244, 57.15614899269773
2020/07/09 13:21:41, 10.58080523361327, 57.36776509737
2020/07/09 13:21:42, 11.560800806923483, 57.598981113508465
2020/07/09 13:21:43, 10.63556745617359, 57.81169246263194
2020/07/09 13:21:44, 11.257518906490137, 58.03684284076174
2020/07/09 13:21:45, 10.986623738141331, 58.25657531552457
2020/07/09 13:21:46, 11.973406731085234, 58.496043450146274
2020/07/09 13:21:47, 11.278870569145308, 58.72162086152918
2020/07/09 13:21:48, 11.534640892770252, 58.95231367938459
2020/07/09 13:21:49, 12.280409722363038, 59.197921873831845
2020/07/09 13:21:50, 12.925363658664018, 59.456429147005124
2020/07/09 13:21:51, 12.532449028402944, 59.70707812757318
2020/07/09 13:21:52, 12.79903083497526, 59.963058744272686
2020/07/09 13:21:53, 12.26598872309335, 60.208378518734555
2020/07/09 13:21:54, 12.441552174050726, 60.45720956221557
2020/07/09 13:21:55, 12.281344038933126, 60.702836442994226
2020/07/09 13:21:56, 11.3632418566774, 60.93010128012777
2020/07/09 13:21:57, 11.86306700218383, 61.167362620171446
2020/07/09 13:21:58, 12.594241431808507, 61.41924744880762
2020/07/09 13:21:59, 13.401601875898345, 61.687279486325586
2020/07/09 13:22:00, 12.718175893614909, 61.941643004197886
2020/07/09 13:22:01, 11.762408717100872, 62.176891178539904
2020/07/09 13:22:02, 11.276074925655717, 62.40241267705302
2020/07/09 13:22:03, 11.721560043750594, 62.63684387792803
2020/07/09 13:22:04, 11.042041885293424, 62.857684715633894
2020/07/09 13:22:05, 10.967504811305522, 63.07703481186
2020/07/09 13:22:06, 11.695443855286843, 63.310943688965736
2020/07/09 13:22:07, 12.607134308524985, 63.56308637513624
2020/07/09 13:22:08, 13.283654827406963, 63.82875947168438
2020/07/09 13:22:09, 12.590255938313907, 64.08056459045065
2020/07/09 13:22:10, 11.91196062084735, 64.31880380286759
2020/07/09 13:22:11, 11.740887578552154, 64.55362155443864
2020/07/09 13:22:12, 11.717362035994746, 64.78796879515853
2020/07/09 13:22:13, 11.78682101490591, 65.02370521545666
2020/07/09 13:22:14, 12.18022718222348, 65.26730975910112
2020/07/09 13:22:15, 11.34092298424724, 65.49412821878607
2020/07/09 13:22:16, 10.807877337725571, 65.71028576554059
2020/07/09 13:22:17, 10.86111535398948, 65.92750807262038
2020/07/09 13:22:18, 11.263593809073152, 66.15277994880185
2020/07/09 13:22:19, 10.28737209506684, 66.35852739070319
2020/07/09 13:22:20, 11.120426184654281, 66.58093591439628
2020/07/09 13:22:21, 12.098107064024244, 66.82289805567676
2020/07/09 13:22:22, 12.615555965507948, 67.07520917498692
2020/07/09 13:22:23, 11.923958920722281, 67.31368835340137
2020/07/09 13:22:24, 12.598889607256897, 67.56566614554652
2020/07/09 13:22:25, 12.189763825921656, 67.80946142206494
2020/07/09 13:22:26, 12.659675327943551, 68.06265492862381
2020/07/09 13:22:27, 11.80219873247934, 68.2986989032734
2020/07/09 13:22:28, 10.89587618377002, 68.5166164269488
2020/07/09 13:22:29, 10.07642566034757, 68.71814494015575
2020/07/09 13:22:30, 10.931833212229765, 68.93678160440035
2020/07/09 13:22:31, 11.275156329346196, 69.16228473098728
2020/07/09 13:22:32, 10.830089177636262, 69.37888651454
2020/07/09 13:22:33, 11.40931248111148, 69.60707276416223
2020/07/09 13:22:34, 11.043708415700005, 69.82794693247622
2020/07/09 13:22:35, 11.196836144608527, 70.0518836553684
2020/07/09 13:22:36, 11.684857784004409, 70.28558081104849
2020/07/09 13:22:37, 11.412145281472172, 70.51382371667793
2020/07/09 13:22:38, 11.941915505466632, 70.75266202678726
2020/07/09 13:22:39, 12.259336994436087, 70.99784876667599
2020/07/09 13:22:40, 12.227806235617692, 71.24240489138833
2020/07/09 13:22:41, 12.416283857451416, 71.49073056853736
2020/07/09 13:22:42, 12.923465655302742, 71.74919988164342
2020/07/09 13:22:43, 13.533522643391695, 72.01987033451125
2020/07/09 13:22:44, 12.673368023489529, 72.27333769498105
2020/07/09 13:22:45, 12.579472374915667, 72.52492714247937
2020/07/09 13:22:46, 11.779723982117542, 72.76052162212173
2020/07/09 13:22:47, 11.636239930015904, 72.99324642072204
2020/07/09 13:22:48, 12.096235410057142, 73.23517112892318
2020/07/09 13:22:49, 11.530401830568817, 73.46577916553456
2020/07/09 13:22:50, 11.374526951203569, 73.69326970455863
2020/07/09 13:22:51, 11.2073310663985, 73.9174163258866
2020/07/09 13:22:52, 10.45774330976072, 74.12657119208183
2020/07/09 13:22:53, 10.78993744774381, 74.34236994103671
2020/07/09 13:22:54, 10.369459917815675, 74.54975913939302
2020/07/09 13:22:55, 9.480946554168387, 74.73937807047639
2020/07/09 13:22:56, 8.949659390900075, 74.9183712582944
2020/07/09 13:22:57, 8.521437825593846, 75.08880001480628
2020/07/09 13:22:58, 8.607701419792368, 75.26095404320213
2020/07/09 13:22:59, 9.47014388151213, 75.45035692083238
2020/07/09 13:23:00, 8.758389451764126, 75.62552470986766
2020/07/09 13:23:01, 7.963895320969339, 75.78480261628705
2020/07/09 13:23:02, 8.448425585251169, 75.95377112799207
2020/07/09 13:23:03, 7.708579409572867, 76.10794271618353
2020/07/09 13:23:04, 8.665788055222178, 76.28125847728798
2020/07/09 13:23:05, 9.606774800951051, 76.473393973307
2020/07/09 13:23:06, 9.726547688849436, 76.66792492708399
2020/07/09 13:23:07, 9.396634046227849, 76.85585760800855
2020/07/09 13:23:08, 9.078141208429042, 77.03742043217713
2020/07/09 13:23:09, 8.842022318729892, 77.21426087855173
2020/07/09 13:23:10, 8.353608421196334, 77.38133304697566
2020/07/09 13:23:11, 8.367187479593696, 77.54867679656753
2020/07/09 13:23:12, 7.394840545008238, 77.6965736074677
2020/07/09 13:23:13, 8.298840781000756, 77.86255042308771
2020/07/09 13:23:14, 7.919571732991974, 78.02094185774754
2020/07/09 13:23:15, 7.449622760299488, 78.16993431295353
2020/07/09 13:23:16, 7.016618575932046, 78.31026668447217
2020/07/09 13:23:17, 7.429482551562579, 78.45885633550341
2020/07/09 13:23:18, 7.3623340472757475, 78.60610301644893
2020/07/09 13:23:19, 6.617905934578644, 78.7384611351405
2020/07/09 13:23:20, 6.704725257286272, 78.87255564028622
2020/07/09 13:23:21, 6.976899033204904, 79.01209362095032
2020/07/09 13:23:22, 7.7067994460900096, 79.16622960987212
2020/07/09 13:23:23, 7.121558235229157, 79.30866077457671
2020/07/09 13:23:24, 7.782828530881474, 79.46431734519433
2020/07/09 13:23:25, 8.210104189211993, 79.62851942897856
2020/07/09 13:23:26, 7.9967339262665975, 79.7884541075039
2020/07/09 13:23:27, 7.8854446132758875, 79.94616299976941
2020/07/09 13:23:28, 7.792591685964417, 80.1020148334887
2020/07/09 13:23:29, 8.469368019803458, 80.27140219388477
2020/07/09 13:23:30, 7.823891266632231, 80.42788001921741
2020/07/09 13:23:31, 7.574677171181303, 80.57937356264104
2020/07/09 13:23:32, 7.261604536096816, 80.72460565336297
2020/07/09 13:23:33, 7.0915656587672435, 80.86643696653832
2020/07/09 13:23:34, 7.360547549047241, 81.01364791751926
2020/07/09 13:23:35, 6.678391894991888, 81.1472157554191
2020/07/09 13:23:36, 6.04426054807254, 81.26810096638054
2020/07/09 13:23:37, 6.863266193281454, 81.40536629024618
2020/07/09 13:23:38, 7.525830158530768, 81.5558828934168
2020/07/09 13:23:39, 8.147564894522832, 81.71883419130725
2020/07/09 13:23:40, 8.835462765659525, 81.89554344662044
2020/07/09 13:23:41, 8.31877640477915, 82.06191897471602
2020/07/09 13:23:42, 8.441826969903985, 82.23075551411411
2020/07/09 13:23:43, 8.1880535508096, 82.3945165851303
2020/07/09 13:23:44, 8.760779145076175, 82.56973216803183
2020/07/09 13:23:45, 9.345761914530424, 82.75664740632244
2020/07/09 13:23:46, 8.776381891033097, 82.93217504414311
2020/07/09 13:23:47, 7.855856687137081, 83.08929217788585
2020/07/09 13:23:48, 8.595689573598836, 83.26120596935783
2020/07/09 13:23:49, 9.301306906476148, 83.44723210748735
2020/07/09 13:23:50, 10.288719930122623, 83.65300650608981
2020/07/09 13:23:51, 10.755153109751545, 83.86810956828484
2020/07/09 13:23:52, 10.76879271714123, 84.08348542262766
2020/07/09 13:23:53, 10.552099078891656, 84.2945274042055
2020/07/09 13:23:54, 11.383132080601417, 84.52219004581752
2020/07/09 13:23:55, 12.123719446965893, 84.76466443475684
2020/07/09 13:23:56, 13.007985099290511, 85.02482413674265
2020/07/09 13:23:57, 13.86701610487314, 85.30216445884011
2020/07/09 13:23:58, 13.247963806618548, 85.56712373497248
2020/07/09 13:23:59, 13.960376761579226, 85.84633127020408
2020/07/09 13:24:00, 13.500522503472155, 86.11634172027352
2020/07/09 13:24:01, 12.530144294832647, 86.36694460617018
2020/07/09 13:24:02, 12.373461429700422, 86.61441383476419
2020/07/09 13:24:03, 11.47631821109726, 86.84394019898613
2020/07/09 13:24:04, 11.268364471190134, 87.06930748840993
2020/07/09 13:24:05, 12.164287707364803, 87.31259324255723
2020/07/09 13:24:06, 12.623674489400509, 87.56506673234524
2020/07/09 13:24:07, 13.065208804817402, 87.82637090844159
2020/07/09 13:24:08, 13.0317189730723, 88.08700528790304
2020/07/09 13:24:09, 13.15636169680566, 88.35013252183916
2020/07/09 13:24:10, 12.769621862797614, 88.6055249590951
2020/07/09 13:24:11, 12.26258896328808, 88.85077673836086
2020/07/09 13:24:12, 11.932957958137768, 89.08943589752361
2020/07/09 13:24:13, 11.31242563624359, 89.31568441024848
2020/07/09 13:24:14, 10.818630855767394, 89.53205702736383
2020/07/09 13:24:15, 11.00652960644524, 89.75218761949274
2020/07/09 13:24:16, 11.383867775789192, 89.97986497500852
2020/07/09 13:24:17, 11.665962999196113, 90.21318423499244
2020/07/09 13:24:18, 12.063851971245324, 90.45446127441734
2020/07/09 13:24:19, 12.062358769397658, 90.6957084498053
2020/07/09 13:24:20, 12.956621908369382, 90.95484088797268
2020/07/09 13:24:21, 12.06053045327514, 91.19605149703818
2020/07/09 13:24:22, 11.711460723123063, 91.43028071150064
2020/07/09 13:24:23, 10.771485320605073, 91.64571041791274
2020/07/09 13:24:24, 10.008125445755288, 91.84587292682784
2020/07/09 13:24:25, 9.551488663916052, 92.03690270010615
2020/07/09 13:24:26, 9.487964888188417, 92.22666199786993
2020/07/09 13:24:27, 8.929427506967041, 92.40525054800926
2020/07/09 13:24:28, 8.03041486556331, 92.56585884532053
2020/07/09 13:24:29, 7.820511365173921, 92.72226907262402
2020/07/09 13:24:30, 7.344563995843757, 92.86916035254089
2020/07/09 13:24:31, 7.543614563694547, 93.02003264381477
2020/07/09 13:24:32, 7.451006580601717, 93.1690527754268
2020/07/09 13:24:33, 7.8503921539588415, 93.32606061850598
2020/07/09 13:24:34, 6.969366731198113, 93.46544795312994
2020/07/09 13:24:35, 6.64982897412726, 93.59844453261249
2020/07/09 13:24:36, 7.279176998185119, 93.74402807257619
2020/07/09 13:24:37, 7.309174098637863, 93.89021155454894
2020/07/09 13:24:38, 6.514567959224541, 94.02050291373344
2020/07/09 13:24:39, 5.697190317810805, 94.13444672008966
2020/07/09 13:24:40, 5.420076571612682, 94.2428482515219
2020/07/09 13:24:41, 4.906496085798531, 94.34097817323787
2020/07/09 13:24:42, 4.974777323205506, 94.44047371970198
2020/07/09 13:24:43, 4.344564480701564, 94.52736500931601
2020/07/09 13:24:44, 4.525508505363569, 94.61787517942328
2020/07/09 13:24:45, 5.3951109168965345, 94.7257773977612
2020/07/09 13:24:46, 5.394422004386782, 94.83366583784894
2020/07/09 13:24:47, 6.295586546487457, 94.95957756877868
2020/07/09 13:24:48, 6.9832989259264835, 95.09924354729722
2020/07/09 13:24:49, 6.689799175391912, 95.23303953080506
2020/07/09 13:24:50, 7.537499695854507, 95.38378952472215
2020/07/09 13:24:51, 8.368166021125646, 95.55115284514466
2020/07/09 13:24:52, 8.27208342796254, 95.71659451370391
2020/07/09 13:24:53, 7.428612183759041, 95.86516675737909
2020/07/09 13:24:54, 7.59704822553827, 96.01710772188986
2020/07/09 13:24:55, 7.217807750758695, 96.16146387690503
2020/07/09 13:24:56, 7.163517517671958, 96.30473422725846
2020/07/09 13:24:57, 7.067964856178859, 96.44609352438204
2020/07/09 13:24:58, 6.532125151559888, 96.57673602741323
2020/07/09 13:24:59, 6.051751902949752, 96.69777106547222
2020/07/09 13:25:00, 5.445070790770112, 96.80667248128762
2020/07/09 13:25:01, 6.020365248536955, 96.92707978625836
2020/07/09 13:25:02, 6.967917290302955, 97.06643813206442
2020/07/09 13:25:03, 6.809029472986205, 97.20261872152415
2020/07/09 13:25:04, 6.927996744003457, 97.34117865640421
2020/07/09 13:25:05, 7.0477607753793965, 97.4821338719118
2020/07/09 13:25:06, 7.654045434140655, 97.63521478059461
2020/07/09 13:25:07, 7.759212188431451, 97.79039902436324
2020/07/09 13:25:08, 7.922303845653305, 97.9488451012763
2020/07/09 13:25:09, 8.560483404896566, 98.12005476937424
2020/07/09 13:25:10, 7.7452848367660705, 98.27496046610956
2020/07/09 13:25:11, 7.0985349831176645, 98.41693116577191
2020/07/09 13:25:12, 7.214018468560662, 98.56121153514313
2020/07/09 13:25:13, 7.128158107570332, 98.70377469729453
2020/07/09 13:25:14, 6.173002467838989, 98.82723474665131
2020/07/09 13:25:15, 5.9959758544453665, 98.94715426374022
2020/07/09 13:25:16, 5.094443627076485, 99.04904313628174
2020/07/09 13:25:17, 4.419511760520077, 99.13743337149214
2020/07/09 13:25:18, 4.864766517181283, 99.23472870183576
2020/07/09 13:25:19, 5.041020398819487, 99.33554910981215
2020/07/09 13:25:20, 4.233556609555908, 99.42022024200327
2020/07/09 13:25:21, 4.289805268818909, 99.50601634737964
2020/07/09 13:25:22, 4.2688375297178505, 99.591393097974
2020/07/09 13:25:23, 3.289885926480462, 99.65719081650361
2020/07/09 13:25:24, 4.023512807713123, 99.73766107265787
2020/07/09 13:25:25, 4.559200611784915, 99.82884508489357
2020/07/09 13:25:26, 4.52435791162927, 99.91933224312616
2020/07/09 13:25:27, 3.618137747540101, 99.99169499807697
2020/07/09 13:25:28, 2.957466888705409, 100.05084433585107
2020/07/09 13:25:29, 2.2155480684735087, 100.09515529722054
2020/07/09 13:25:30, 1.590822279705231, 100.12697174281465
2020/07/09 13:25:31, 1.285794722815953, 100.15268763727097
2020/07/09 13:25:32, 0.7082196006774866, 100.16685202928453
2020/07/09 13:25:33, -0.2732430093272409, 100.16685202928453
2020/07/09 13:25:34, 0.5778821806342544, 100.17840967289722
2020/07/09 13:25:35, 1.2782462822132534, 100.20397459854148
2020/07/09 13:25:36, 1.2133427770144598, 100.22824145408177
2020/07/09 13:25:37, 0.9041495484887725, 100.24632444505154
2020/07/09 13:25:38, 0.6056412591873197, 100.25843727023529
2020/07/09 13:25:39, 0.4644220697850061, 100.26772571163099
2020/07/09 13:25:40, 1.1266148689433488, 100.29025800900986
2020/07/09 13:25:41, 1.8771481011297697, 100.32780097103246
2020/07/09 13:25:42, 1.0454320726620903, 100.3487096124857
2020/07/09 13:25:43, 0.06612407154857824, 100.35003209391668
2020/07/09 13:25:44, -0.034928080521264615, 100.35003209391668
2020/07/09 13:25:45, -0.1056141915054356, 100.35003209391668
2020/07/09 13:25:46, -1.086240634662571, 100.35003209391668
2020/07/09 13:25:47, -0.1724066126197772, 100.35003209391668
2020/07/09 13:25:48, -0.36556591822282014, 100.35003209391668
2020/07/09 13:25:49, -0.8217371465318879, 100.35003209391668
2020/07/09 13:25:50, -1.4467928523312732, 100.35003209391668
2020/07/09 13:25:51, -0.6240556422400674, 100.35003209391668
2020/07/09 13:25:52, -1.5215130221005821, 100.35003209391668
2020/07/09 13:25:53, -1.1610949977398426, 100.35003209391668
2020/07/09 13:25:54, -0.7448559842591451, 100.35003209391668
2020/07/09 13:25:55, -0.25786904208036265, 100.35003209391668
2020/07/09 13:25:56, 0.6892179421454507, 100.3638164527596
2020/07/09 13:25:57, 0.4473502458089613, 100.37276345767577
2020/07/09 13:25:58, 0.32334730803563616, 100.37923040383649
2020/07/09 13:25:59, -0.38245972345565393, 100.37923040383649
2020/07/09 13:26:00, 0.20073325762371796, 100.38324506898896
2020/07/09 13:26:01, 0.4435196301124087, 100.3921154615912
2020/07/09 13:26:02, -0.5012840731997681, 100.3921154615912
2020/07/09 13:26:03, 0.21347287142099547, 100.39638491901962
2020/07/09 13:26:04, 0.44693762137184834, 100.40532367144706
2020/07/09 13:26:05, 0.14622623895948328, 100.40824819622625
2020/07/09 13:26:06, 0.48971124648577913, 100.41804242115597
2020/07/09 13:26:07, 0.6398179052712778, 100.43083877926139
2020/07/09 13:26:08, -0.058588158918855715, 100.43083877926139
2020/07/09 13:26:09, -0.4785048121729143, 100.43083877926139
2020/07/09 13:26:10, -1.0625531868080231, 100.43083877926139
2020/07/09 13:26:11, -1.0414108229485013, 100.43083877926139
2020/07/09 13:26:12, -0.26358400428444995, 100.43083877926139
2020/07/09 13:26:13, 0.6338726957589542, 100.44351623317657
2020/07/09 13:26:14, 0.6652176776463177, 100.45682058672949
2020/07/09 13:26:15, 1.603464121184838, 100.48888986915318
2020/07/09 13:26:16, 2.4722561484237, 100.53833499212166
2020/07/09 13:26:17, 2.700333290035033, 100.59234165792236
2020/07/09 13:26:18, 2.7544528163249717, 100.64743071424886
2020/07/09 13:26:19, 3.0794878948186293, 100.70902047214523
2020/07/09 13:26:20, 4.038527120258664, 100.7897910145504
2020/07/09 13:26:21, 3.405503679695304, 100.8579010881443
2020/07/09 13:26:22, 3.7016760232549943, 100.9319346086094
2020/07/09 13:26:23, 3.1787622470787227, 100.99550985355097
2020/07/09 13:26:24, 2.9778230339178897, 101.05506631422932
2020/07/09 13:26:25, 2.4679572165320014, 101.10442545855996
2020/07/09 13:26:26, 2.6384749963789638, 101.15719495848754
2020/07/09 13:26:27, 2.5174936423420595, 101.20754483133437
2020/07/09 13:26:28, 2.440323837333141, 101.25635130808104
2020/07/09 13:26:29, 2.1920500967213865, 101.30019231001546
2020/07/09 13:26:30, 1.3761782833275265, 101.32771587568202
2020/07/09 13:26:31, 0.5514338016981004, 101.33874455171598
2020/07/09 13:26:32, -0.2911273309727358, 101.33874455171598
2020/07/09 13:26:33, -0.775774867207083, 101.33874455171598
2020/07/09 13:26:34, -1.5242430778507068, 101.33874455171598
2020/07/09 13:26:35, -1.8015562964936778, 101.33874455171598
2020/07/09 13:26:36, -1.5207303737367937, 101.33874455171598
2020/07/09 13:26:37, -2.2138419067597512, 101.33874455171598
2020/07/09 13:26:38, -2.3181276473805243, 101.33874455171598
2020/07/09 13:26:39, -2.9818318929851193, 101.33874455171598
2020/07/09 13:26:40, -3.714110938735012, 101.33874455171598
2020/07/09 13:26:41, -3.7310899897037038, 101.33874455171598
2020/07/09 13:26:42, -2.7404604659834804, 101.33874455171598
2020/07/09 13:26:43, -2.3476010069162525, 101.33874455171598
2020/07/09 13:26:44, -1.5762118202338, 101.33874455171598
2020/07/09 13:26:45, -0.7703254166937465, 101.33874455171598
2020/07/09 13:26:46, -1.7533779034493915, 101.33874455171598
2020/07/09 13:26:47, -2.1941308734555225, 101.33874455171598
2020/07/09 13:26:48, -1.3113524882763612, 101.33874455171598
2020/07/09 13:26:49, -0.7006109220525292, 101.33874455171598
2020/07/09 13:26:50, -0.8196689190678981, 101.33874455171598
2020/07/09 13:26:51, -1.4681065292055457, 101.33874455171598
2020/07/09 13:26:52, -0.9077271480025706, 101.33874455171598
2020/07/09 13:26:53, -0.03160569991013418, 101.33874455171598
2020/07/09 13:26:54, -0.6435499661242869, 101.33874455171598
2020/07/09 13:26:55, 0.15985844099230717, 101.34194172053583
2020/07/09 13:26:56, -0.4452807908861267, 101.34194172053583
2020/07/09 13:26:57, -1.0301587819112912, 101.34194172053583
2020/07/09 13:26:58, -1.012146051049694, 101.34194172053583
2020/07/09 13:26:59, -1.4954667297269808, 101.34194172053583
2020/07/09 13:27:00, -1.4095805877759062, 101.34194172053583
2020/07/09 13:27:01, -0.706583004117856, 101.34194172053583
2020/07/09 13:27:02, -0.9532227553953379, 101.34194172053583
2020/07/09 13:27:03, -0.8340772808140973, 101.34194172053583
2020/07/09 13:27:04, -0.5386617429774367, 101.34194172053583
2020/07/09 13:27:05, -0.7829419638736521, 101.34194172053583
2020/07/09 13:27:06, -0.10791150714944231, 101.34194172053583
2020/07/09 13:27:07, -0.14008036446088146, 101.34194172053583
2020/07/09 13:27:08, -0.730322495233122, 101.34194172053583
2020/07/09 13:27:09, -0.8266190866635286, 101.34194172053583
2020/07/09 13:27:10, -0.2024556594351834, 101.34194172053583
2020/07/09 13:27:11, -1.0500751995289386, 101.34194172053583
2020/07/09 13:27:12, -1.2211087741584707, 101.34194172053583
2020/07/09 13:27:13, -0.6509720249301918, 101.34194172053583
2020/07/09 13:27:14, -1.625764326614349, 101.34194172053583
2020/07/09 13:27:15, -2.461233022718339, 101.34194172053583
2020/07/09 13:27:16, -1.8110044349313537, 101.34194172053583
2020/07/09 13:27:17, -1.0804834347257144, 101.34194172053583
2020/07/09 13:27:18, -0.6914995576827025, 101.34194172053583
2020/07/09 13:27:19, -0.5672087490896429, 101.34194172053583
2020/07/09 13:27:20, -0.6203698110030242, 101.34194172053583
2020/07/09 13:27:21, -0.9414922888048463, 101.34194172053583
2020/07/09 13:27:22, -1.5594015826467784, 101.34194172053583
2020/07/09 13:27:23, -0.839191108266649, 101.34194172053583
2020/07/09 13:27:24, -0.25959239679672286, 101.34194172053583
2020/07/09 13:27:25, -0.4914398746215265, 101.34194172053583
2020/07/09 13:27:26, -0.4401144490524713, 101.34194172053583
2020/07/09 13:27:27, -1.2973700038469373, 101.34194172053583
2020/07/09 13:27:28, -0.9848444970048278, 101.34194172053583
2020/07/09 13:27:29, -1.613196248922023, 101.34194172053583
2020/07/09 13:27:30, -2.176063794053531, 101.34194172053583
2020/07/09 13:27:31, -1.3696636383633811, 101.34194172053583
2020/07/09 13:27:32, -0.7870619572276931, 101.34194172053583
2020/07/09 13:27:33, 0.1452271226206665, 101.34484626298824
2020/07/09 13:27:34, 0.2524184248255681, 101.34989463148476
2020/07/09 13:27:35, 0.26806559445437705, 101.35525594337385
2020/07/09 13:27:36, 0.9863310434350565, 101.37498256424254
2020/07/09 13:27:37, 1.1413908712811967, 101.39781038166817
2020/07/09 13:27:38, 2.0216852734316175, 101.4382440871368
2020/07/09 13:27:39, 2.6748268435552824, 101.4917406240079
2020/07/09 13:27:40, 2.5191510301382216, 101.54212364461067
2020/07/09 13:27:41, 3.4507557957058377, 101.61113876052478
2020/07/09 13:27:42, 2.893732943175231, 101.66901341938829
2020/07/09 13:27:43, 3.2292004011687987, 101.73359742741167
2020/07/09 13:27:44, 2.3383741344575077, 101.78036491010081
2020/07/09 13:27:45, 3.2734155882066918, 101.84583322186495
2020/07/09 13:27:46, 2.9664558478180463, 101.90516233882131
2020/07/09 13:27:47, 3.8928113848967083, 101.98301856651925
2020/07/09 13:27:48, 3.604184937756396, 102.05510226527437
2020/07/09 13:27:49, 2.6999419279330725, 102.10910110383303
2020/07/09 13:27:50, 2.7954947916858535, 102.16501099966675
2020/07/09 13:27:51, 2.9022224096281555, 102.22305544785931
2020/07/09 13:27:52, 2.7096107714356235, 102.27724766328802
2020/07/09 13:27:53, 3.434400260854914, 102.34593566850512
2020/07/09 13:27:54, 3.8236952592793023, 102.4224095736907
2020/07/09 13:27:55, 2.993818178527839, 102.48228593726125
2020/07/09 13:27:56, 2.2174431837379207, 102.52663480093601
2020/07/09 13:27:57, 1.7125263163473072, 102.56088532726295
2020/07/09 13:27:58, 1.0892327881003316, 102.58266998302496
2020/07/09 13:27:59, 1.430828638862119, 102.6112865558022
2020/07/09 13:28:00, 2.3358055234581756, 102.65800266627136
2020/07/09 13:28:01, 3.300859533122055, 102.7240198569338
2020/07/09 13:28:02, 3.844076432967171, 102.80090138559314
2020/07/09 13:28:03, 3.5905567500183, 102.8727125205935
2020/07/09 13:28:04, 3.323618931497465, 102.93918489922345
2020/07/09 13:28:05, 3.344385109060619, 103.00607260140467
2020/07/09 13:28:06, 3.518937619251239, 103.0764513537897
2020/07/09 13:28:07, 4.2705443219367725, 103.16186224022843
2020/07/09 13:28:08, 3.4295666303178067, 103.23045357283479
2020/07/09 13:28:09, 2.9578448053083095, 103.28961046894095
2020/07/09 13:28:10, 3.905118617097393, 103.3677128412829
2020/07/09 13:28:11, 3.4870833496148474, 103.4374545082752
2020/07/09 13:28:12, 2.6420617688291013, 103.49029574365177
2020/07/09 13:28:13, 2.9710257672830984, 103.54971625899744
2020/07/09 13:28:14, 3.172635137794601, 103.61316896175333
2020/07/09 13:28:15, 3.8272740129409755, 103.68971444201215
2020/07/09 13:28:16, 3.9063048173046524, 103.76784053835824
2020/07/09 13:28:17, 4.476844695181741, 103.85737743226187
2020/07/09 13:28:18, 5.221225732143288, 103.96180194690474
2020/07/09 13:28:19, 4.552785871619981, 104.05285766433714
2020/07/09 13:28:20, 5.035699510303134, 104.1535716545432
2020/07/09 13:28:21, 5.6845738515809865, 104.26726313157482
2020/07/09 13:28:22, 5.674529562384258, 104.3807537228225
2020/07/09 13:28:23, 5.263648474325944, 104.48602669230903
2020/07/09 13:28:24, 5.655335817217291, 104.59913340865337
2020/07/09 13:28:25, 5.097097769309348, 104.70107536403955
2020/07/09 13:28:26, 4.976616052341714, 104.80060768508639
2020/07/09 13:28:27, 4.044382474564648, 104.88149533457768
2020/07/09 13:28:28, 3.705758419608409, 104.95561050296985
2020/07/09 13:28:29, 3.197779364757552, 105.019566090265
2020/07/09 13:28:30, 2.7283494977869527, 105.07413308022075
2020/07/09 13:28:31, 3.3402734623945145, 105.14093854946864
2020/07/09 13:28:32, 3.710707814210547, 105.21515270575286
2020/07/09 13:28:33, 4.590433302125673, 105.30696137179537
2020/07/09 13:28:34, 3.6965790954781372, 105.38089295370493
2020/07/09 13:28:35, 3.509944457062293, 105.45109184284618
2020/07/09 13:28:36, 4.000787673569867, 105.53110759631758
2020/07/09 13:28:37, 3.1846547788020314, 105.59480069189362
2020/07/09 13:28:38, 3.7416878518510734, 105.66963444893065
2020/07/09 13:28:39, 4.684202977237058, 105.7633185084754
2020/07/09 13:28:40, 5.465021173649703, 105.87261893194838
2020/07/09 13:28:41, 4.694729088408191, 105.96651351371655
2020/07/09 13:28:42, 4.278344662049145, 106.05208040695753
2020/07/09 13:28:43, 3.296172935235558, 106.11800386566225
2020/07/09 13:28:44, 2.6361820181934537, 106.17072750602611
2020/07/09 13:28:45, 1.7983656725458392, 106.20669481947702
2020/07/09 13:28:46, 1.44040411797799, 106.23550290183658
2020/07/09 13:28:47, 1.1138652401051898, 106.25778020663869
2020/07/09 13:28:48, 1.9200889323749741, 106.29618198528618
2020/07/09 13:28:49, 1.511828701423633, 106.32641855931466
2020/07/09 13:28:50, 2.1636174521141083, 106.36969090835694
2020/07/09 13:28:51, 1.7764471791044647, 106.40521985193904
2020/07/09 13:28:52, 2.754930805470531, 106.46031846804844
2020/07/09 13:28:53, 2.9030705654650557, 106.51837987935774
2020/07/09 13:28:54, 2.293211422754307, 106.56424410781283
2020/07/09 13:28:55, 2.1733805324233164, 106.60771171846129
2020/07/09 13:28:56, 2.3005462422773046, 106.65372264330684
2020/07/09 13:28:57, 2.333906864706108, 106.70040078060096
2020/07/09 13:28:58, 2.0579866384861294, 106.74156051337069
2020/07/09 13:28:59, 1.161250559123624, 106.76478552455316
2020/07/09 13:29:00, 0.864635261900289, 106.78207822979117
2020/07/09 13:29:01, -0.12205383312354634, 106.78207822979117
2020/07/09 13:29:02, -1.0676749837581159, 106.78207822979117
2020/07/09 13:29:03, -0.6149431522864264, 106.78207822979117
2020/07/09 13:29:04, -0.1710414220531702, 106.78207822979117
2020/07/09 13:29:05, 0.34318222823886146, 106.78894187435594
2020/07/09 13:29:06, 1.197747032725475, 106.81289681501045
2020/07/09 13:29:07, 1.0277267972621615, 106.83345135095568
2020/07/09 13:29:08, 1.7242011263432846, 106.86793537348255
2020/07/09 13:29:09, 0.7368763472914432, 106.88267290042837
2020/07/09 13:29:10, 1.0176202378971344, 106.90302530518632
2020/07/09 13:29:11, 1.564732134367212, 106.93431994787366
2020/07/09 13:29:12, 1.7172042301966648, 106.96866403247759
2020/07/09 13:29:13, 0.7436694634365295, 106.98353742174632
2020/07/09 13:29:14, 1.4032108887090045, 107.0116016395205
2020/07/09 13:29:15, 0.6939947500472385, 107.02548153452145
2020/07/09 13:29:16, 0.816441432578233, 107.04181036317301
2020/07/09 13:29:17, -0.0044919843434712, 107.04181036317301
2020/07/09 13:29:18, -0.05625150734305451, 107.04181036317301
2020/07/09 13:29:19, 0.12622079064647074, 107.04433477898594
2020/07/09 13:29:20, 1.03593970882714, 107.06505357316249
2020/07/09 13:29:21, 1.9709510281102267, 107.1044725937247
2020/07/09 13:29:22, 2.7933079227665454, 107.16033875218002
2020/07/09 13:29:23, 2.4527800976962024, 107.20939435413395
2020/07/09 13:29:24, 2.0852993917606604, 107.25110034196916
2020/07/09 13:29:25, 1.0860177932805148, 107.27282069783477
2020/07/09 13:29:26, 0.693909943605187, 107.28669889670688
2020/07/09 13:29:27, 1.452427872207425, 107.31574745415102
2020/07/09 13:29:28, 1.1359137860429533, 107.33846572987188
2020/07/09 13:29:29, 0.6225694795387873, 107.35091711946266
2020/07/09 13:29:30, 0.874927903994758, 107.36841567754256
2020/07/09 13:29:31, 1.7632950732621488, 107.4036815790078
2020/07/09 13:29:32, 2.1417397938376794, 107.44651637488455
2020/07/09 13:29:33, 1.45612384088915, 107.47563885170234
2020/07/09 13:29:34, 2.10829573406089, 107.51780476638356
2020/07/09 13:29:35, 1.6029947689512172, 107.54986466176258
2020/07/09 13:29:36, 2.265891124323631, 107.59518248424905
2020/07/09 13:29:37, 3.165326265221033, 107.65848900955348
2020/07/09 13:29:38, 3.4002368797320544, 107.72649374714811
2020/07/09 13:29:39, 2.628088066761812, 107.77905550848335
2020/07/09 13:29:40, 2.0984010463560288, 107.82102352941047
2020/07/09 13:29:41, 2.294155001104971, 107.86690662943256
2020/07/09 13:29:42, 2.0087094676896804, 107.90708081878635
2020/07/09 13:29:43, 2.514270445763856, 107.95736622770163
2020/07/09 13:29:44, 2.1514738031172795, 108.00039570376397
2020/07/09 13:29:45, 1.2616971474911107, 108.0256296467138
2020/07/09 13:29:46, 1.1796821178137966, 108.04922328907007
2020/07/09 13:29:47, 1.5287973208361996, 108.07979923548679
2020/07/09 13:29:48, 1.4129723918372181, 108.10805868332353
2020/07/09 13:29:49, 1.4223654127749998, 108.13650599157903
2020/07/09 13:29:50, 2.3649934803415587, 108.18380586118586
2020/07/09 13:29:51, 2.636658154466001, 108.23653902427517
2020/07/09 13:29:52, 2.0934687581119604, 108.27840839943741
2020/07/09 13:29:53, 2.6214493549484246, 108.33083738653637
2020/07/09 13:29:54, 2.493218171729009, 108.38070174997095
2020/07/09 13:29:55, 3.099032678885953, 108.44268240354867
2020/07/09 13:29:56, 3.458726779733232, 108.51185693914334
2020/07/09 13:29:57, 3.7454969790349946, 108.58676687872405
2020/07/09 13:29:58, 4.659550687900202, 108.67995789248205
2020/07/09 13:29:59, 5.32875585698497, 108.78653300962175
2020/07/09 13:30:00, 6.097251910130547, 108.90847804782436
2020/07/09 13:30:01, 5.187671500932236, 109.012231477843
2020/07/09 13:30:02, 4.82524846390201, 109.10873644712105
2020/07/09 13:30:03, 4.134758422055632, 109.19143161556215
2020/07/09 13:30:04, 3.691625491791558, 109.26526412539798
2020/07/09 13:30:05, 2.834541341007818, 109.32195495221814
2020/07/09 13:30:06, 2.0473118119698586, 109.36290118845753
2020/07/09 13:30:07, 2.1584840239347662, 109.40607086893623
2020/07/09 13:30:08, 2.8227826275471215, 109.46252652148716
2020/07/09 13:30:09, 2.208842792085087, 109.50670337732886
2020/07/09 13:30:10, 1.4343029687856141, 109.53538943670458
2020/07/09 13:30:11, 2.4336673690638237, 109.58406278408586
2020/07/09 13:30:12, 2.4479758566236702, 109.63302230121833
2020/07/09 13:30:13, 2.258952142708281, 109.6782013440725
2020/07/09 13:30:14, 2.1418289575403398, 109.7210379232233
2020/07/09 13:30:15, 2.0431612739800302, 109.7619011487029
2020/07/09 13:30:16, 1.9417297866447867, 109.8007357444358
2020/07/09 13:30:17, 1.0699617547384939, 109.82213497953057
2020/07/09 13:30:18, 0.38053626768585436, 109.82974570488429
2020/07/09 13:30:19, 0.1272715327691829, 109.83229113553968
2020/07/09 13:30:20, 0.9700101428006, 109.85169133839568
2020/07/09 13:30:21, 0.5489602735768275, 109.86267054386722
2020/07/09 13:30:22, 0.8914492660958198, 109.88049952918914
2020/07/09 13:30:23, 0.4389528944420942, 109.88927858707798
2020/07/09 13:30:24, 0.6627239369630753, 109.90253306581724
2020/07/09 13:30:25, 0.8685818036258206, 109.91990470188975
2020/07/09 13:30:26, 1.802006906649768, 109.95594484002274
2020/07/09 13:30:27, 1.4980247269986064, 109.98590533456272
2020/07/09 13:30:28, 1.7367649210954372, 110.02064063298462
2020/07/09 13:30:29, 2.6289927761065233, 110.07322048850675
2020/07/09 13:30:30, 1.6299897523524445, 110.1058202835538
2020/07/09 13:30:31, 0.843014575657697, 110.12268057506695
2020/07/09 13:30:32, 0.5899460341092606, 110.13447949574913
2020/07/09 13:30:33, 0.034583115864416314, 110.13517115806643
2020/07/09 13:30:34, -0.777339064257923, 110.13517115806643
2020/07/09 13:30:35, -1.1551235825649855, 110.13517115806643
2020/07/09 13:30:36, -0.9831074835259157, 110.13517115806643
2020/07/09 13:30:37, -0.6917747963537402, 110.13517115806643
2020/07/09 13:30:38, -0.3704884754700579, 110.13517115806643
2020/07/09 13:30:39, -0.18469082519558233, 110.13517115806643
2020/07/09 13:30:40, 0.4406917867027893, 110.14398499380049
2020/07/09 13:30:41, 0.324751822507404, 110.15048003025063
2020/07/09 13:30:42, 0.25573228334193665, 110.15559467591747
2020/07/09 13:30:43, -0.4393207487324138, 110.15559467591747
2020/07/09 13:30:44, -1.3717135937976233, 110.15559467591747
2020/07/09 13:30:45, -1.5493704393381678, 110.15559467591747
2020/07/09 13:30:46, -1.9548176195687295, 110.15559467591747
2020/07/09 13:30:47, -1.082094401876529, 110.15559467591747
2020/07/09 13:30:48, -0.1309373936155065, 110.15559467591747
2020/07/09 13:30:49, 0.29576978161566814, 110.16151007154978
2020/07/09 13:30:50, 1.2405534583905549, 110.1863211407176
2020/07/09 13:30:51, 1.8642544076567353, 110.22360622887074
2020/07/09 13:30:52, 1.3811539877170915, 110.25122930862507
2020/07/09 13:30:53, 1.1009349815796723, 110.27324800825666
2020/07/09 13:30:54, 1.072595805860122, 110.29469992437386
2020/07/09 13:30:55, 1.4540184892310741, 110.32378029415848
2020/07/09 13:30:56, 1.7202005837983623, 110.35818430583444
2020/07/09 13:30:57, 0.907681035776084, 110.37633792654997
2020/07/09 13:30:58, 0.9996521504830527, 110.39633096955963
2020/07/09 13:30:59, 0.1407496150429577, 110.39914596186048
2020/07/09 13:31:00, 0.6534281677490117, 110.41221452521546
2020/07/09 13:31:01, 1.0845015958037003, 110.43390455713154
2020/07/09 13:31:02, 1.7875185331795773, 110.46965492779513
2020/07/09 13:31:03, 1.4644327607121745, 110.49894358300938
2020/07/09 13:31:04, 1.4791991253041923, 110.52852756551546
2020/07/09 13:31:05, 2.308460316277504, 110.574696771841
2020/07/09 13:31:06, 3.088961748041392, 110.63647600680183
2020/07/09 13:31:07, 3.5097818738330306, 110.70667164427849
2020/07/09 13:31:08, 4.326057155242021, 110.79319278738333
2020/07/09 13:31:09, 4.107691219336351, 110.87534661177006
2020/07/09 13:31:10, 3.1092967242300293, 110.93753254625466
2020/07/09 13:31:11, 3.8681202942002146, 111.01489495213866
